Tipo_Medio_TMDb,Promedio_Calidad
movie,6.502142599277978
tv,7.638697388632873
